name,brand,category,price,cpu,gpu,ram,storage,rating,use_case,image_url
Lenovo IdeaPad Slim 1,Lenovo,Thin & Light,32990,AMD Athlon Silver 7120U,AMD Radeon Graphics,8GB,512GB SSD,4.0,Basic Student / Web Browsing,https://images.unsplash.com/photo-1496181133206-80ce9b88a853?w=400
ASUS Vivobook Go 15,ASUS,Thin & Light,38990,AMD Ryzen 3 7320U,AMD Radeon Graphics,8GB,512GB SSD,4.1,Student / Document Editing,https://images.unsplash.com/photo-1588872657578-7efd1f1555ed?w=400
HP Laptop 14s,HP,Thin & Light,41990,Intel Core i3-1215U,Intel UHD Graphics,8GB,512GB SSD,4.1,Light Office Work / Online Classes,https://images.unsplash.com/photo-1525547719571-a2d4ac8945e2?w=400
Lenovo IdeaPad Slim 3,Lenovo,Thin & Light,42990,Intel Core i3-1215U,Intel UHD Graphics,8GB,512GB SSD,4.1,College / Daily Use,https://images.unsplash.com/photo-1496181133206-80ce9b88a853?w=400
Dell Inspiron 3520,Dell,Thin & Light,44990,Intel Core i3-1215U,Intel UHD Graphics,8GB,512GB SSD,4.0,Home / Office Multitasking,https://images.unsplash.com/photo-1541807084-5c52b6b3adef?w=400
HP Laptop 15s,HP,Thin & Light,46990,AMD Ryzen 5 5500U,AMD Radeon Graphics,16GB,512GB SSD,4.2,Office Work / Multitasking,https://images.unsplash.com/photo-1525547719571-a2d4ac8945e2?w=400
ASUS Vivobook 15,ASUS,Thin & Light,49990,Intel Core i5-12500H,Intel Iris Xe,16GB,512GB SSD,4.2,Office Work / Coding,https://images.unsplash.com/photo-1588872657578-7efd1f1555ed?w=400
Acer Aspire 5,Acer,Thin & Light,51990,Intel Core i5-1335U,Intel Iris Xe,16GB,512GB SSD,4.2,Student Coding / Web Dev,https://images.unsplash.com/photo-1588872657578-7efd1f1555ed?w=400
Acer Aspire 7,Acer,Thin & Light,54990,Intel Core i5-13420H,NVIDIA RTX 3050,16GB,512GB SSD,4.3,Casual Gaming / Office,https://images.unsplash.com/photo-1588872657578-7efd1f1555ed?w=400
Lenovo ThinkPad E14,Lenovo,Professional,56990,AMD Ryzen 5 7530U,AMD Radeon Graphics,16GB,512GB SSD,4.4,Business / Programming,https://images.unsplash.com/photo-1496181133206-80ce9b88a853?w=400
MSI Thin 15,MSI,Gaming,58990,Intel Core i5-12450H,NVIDIA RTX 3050,16GB,512GB SSD,4.0,Budget Gaming,https://images.unsplash.com/photo-1603302576837-37561b2e2302?w=400
HP Victus 15,HP,Gaming,62990,AMD Ryzen 5 5600H,NVIDIA RTX 3050,16GB,512GB SSD,4.3,Entry-Level Gaming,https://images.unsplash.com/photo-1525547719571-a2d4ac8945e2?w=400
Lenovo IdeaPad Gaming 3,Lenovo,Gaming,64990,Intel Core i5-12450H,NVIDIA RTX 3050 Ti,16GB,512GB SSD,4.3,Gaming / Video Editing,https://images.unsplash.com/photo-1603302576837-37561b2e2302?w=400
ASUS TUF Gaming F15,ASUS,Gaming,66990,Intel Core i5-12500H,NVIDIA RTX 3050,16GB,512GB SSD,4.4,Durable Esports Gaming,https://images.unsplash.com/photo-1603302576837-37561b2e2302?w=400
ASUS TUF Gaming A15,ASUS,Gaming,68990,AMD Ryzen 7 7735HS,NVIDIA RTX 4050,16GB,512GB SSD,4.5,Heavy Gaming / Editing,https://images.unsplash.com/photo-1603302576837-37561b2e2302?w=400
Apple MacBook Air M1,Apple,Thin & Light,69900,Apple M1 Chip,7-Core GPU,8GB,256GB SSD,4.7,College / Professional Work,https://images.unsplash.com/photo-1517336714731-489689fd1ca8?w=400
HP Victus 16,HP,Gaming,72990,Intel Core i5-13500H,NVIDIA RTX 4050,16GB,512GB SSD,4.4,Heavy Gaming / Coding,https://images.unsplash.com/photo-1525547719571-a2d4ac8945e2?w=400
Acer Nitro V 15,Acer,Gaming,74990,Intel Core i5-13420H,NVIDIA RTX 4050,16GB,512GB SSD,4.4,Gaming / Programming,https://images.unsplash.com/photo-1588872657578-7efd1f1555ed?w=400
Dell G15 5530,Dell,Gaming,75990,AMD Ryzen 7 7840HS,NVIDIA RTX 4050,16GB,1TB SSD,4.3,Gaming / 3D Rendering,https://images.unsplash.com/photo-1541807084-5c52b6b3adef?w=400
Lenovo LOQ 15,Lenovo,Gaming,78990,Intel Core i5-13450HX,NVIDIA RTX 4050,16GB,512GB SSD,4.5,AAA Gaming / Esports,https://images.unsplash.com/photo-1603302576837-37561b2e2302?w=400
MSI Cyborg 15,MSI,Gaming,82990,Intel Core i7-13620H,NVIDIA RTX 4060,16GB,512GB SSD,4.2,High FPS Gaming,https://images.unsplash.com/photo-1603302576837-37561b2e2302?w=400
Acer Swift Go 14 OLED,Acer,Thin & Light,84990,Intel Core Ultra 5 125H,Intel Arc Graphics,16GB,512GB SSD,4.5,Portable OLED Workstation,https://images.unsplash.com/photo-1588872657578-7efd1f1555ed?w=400
Lenovo Legion Slim 5,Lenovo,Gaming,87990,AMD Ryzen 7 7840HS,NVIDIA RTX 4050,16GB,512GB SSD,4.6,Sleek Gaming & Coding,https://images.unsplash.com/photo-1603302576837-37561b2e2302?w=400
Apple MacBook Air M2,Apple,Thin & Light,89900,Apple M2 Chip,10-Core GPU,8GB,256GB SSD,4.8,Professional / Light Editing,https://images.unsplash.com/photo-1517336714731-489689fd1ca8?w=400
ASUS Zenbook 14 OLED,ASUS,Thin & Light,94990,Intel Core Ultra 7 155H,Intel Arc Graphics,16GB,1TB SSD,4.6,Executive / Content Creation,https://images.unsplash.com/photo-1588872657578-7efd1f1555ed?w=400
HP Envy x360 15,HP,Creator,98990,Intel Core i7-1355U,Intel Iris Xe,16GB,1TB SSD,4.4,2-in-1 Touch / Graphic Design,https://images.unsplash.com/photo-1525547719571-a2d4ac8945e2?w=400
Dell Inspiron 16 Plus,Dell,Creator,104990,Intel Core i7-13700H,NVIDIA RTX 4050,16GB,1TB SSD,4.4,Content Creation / Video Editing,https://images.unsplash.com/photo-1541807084-5c52b6b3adef?w=400
Apple MacBook Air M3,Apple,Thin & Light,109900,Apple M3 Chip,10-Core GPU,8GB,512GB SSD,4.8,Ultra-fast Portable Productivity,https://images.unsplash.com/photo-1517336714731-489689fd1ca8?w=400
Acer Predator Helios Neo 16,Acer,Gaming,109990,Intel Core i7-13700HX,NVIDIA RTX 4060,16GB,1TB SSD,4.6,Pro Gaming / 3D Animation,https://images.unsplash.com/photo-1588872657578-7efd1f1555ed?w=400
Lenovo Legion Pro 5i,Lenovo,Gaming,115990,Intel Core i7-13700HX,NVIDIA RTX 4060,16GB,1TB SSD,4.7,Competitive Gaming / Heavy Duty,https://images.unsplash.com/photo-1603302576837-37561b2e2302?w=400
ASUS ROG Strix G16,ASUS,Gaming,124990,Intel Core i7-13650HX,NVIDIA RTX 4060,16GB,1TB SSD,4.7,Esports / Game Development,https://images.unsplash.com/photo-1603302576837-37561b2e2302?w=400
MSI Katana 17,MSI,Gaming,129990,Intel Core i9-13900H,NVIDIA RTX 4070,16GB,1TB SSD,4.4,Large Display AAA Gaming,https://images.unsplash.com/photo-1603302576837-37561b2e2302?w=400
Dell XPS 13,Dell,Thin & Light,139990,Intel Core Ultra 7 155H,Intel Arc Graphics,16GB,512GB SSD,4.5,Premium Portable Workstation,https://images.unsplash.com/photo-1541807084-5c52b6b3adef?w=400
HP Spectre x360 14,HP,Thin & Light,149990,Intel Core Ultra 7 155H,Intel Arc Graphics,16GB,1TB SSD,4.6,2-in-1 Touch / Creator,https://images.unsplash.com/photo-1525547719571-a2d4ac8945e2?w=400
ASUS ROG Zephyrus G14,ASUS,Gaming,159990,AMD Ryzen 9 8945HS,NVIDIA RTX 4060,16GB,1TB SSD,4.8,Ultraportable Gaming / Creator,https://images.unsplash.com/photo-1603302576837-37561b2e2302?w=400
Apple MacBook Pro 14 M3,Apple,Creator,169900,Apple M3 Chip,10-Core GPU,8GB,512GB SSD,4.8,Professional Video / Audio,https://images.unsplash.com/photo-1517336714731-489689fd1ca8?w=400
Alienware m16 R2,Dell,Gaming,184990,Intel Core Ultra 7 155H,NVIDIA RTX 4070,16GB,1TB SSD,4.6,Premium Gaming / Stealth Design,https://images.unsplash.com/photo-1541807084-5c52b6b3adef?w=400
ASUS ROG Strix Scar 16 (RTX 4080),ASUS,Gaming,229990,Intel Core i9-14900HX,NVIDIA RTX 4080,32GB,1TB SSD,4.8,Hardcore Gaming / VR,https://images.unsplash.com/photo-1603302576837-37561b2e2302?w=400
Apple MacBook Pro 16 M3 Pro,Apple,Creator,249900,Apple M3 Pro Chip,18-Core GPU,18GB,512GB SSD,4.9,Heavy 4K Editing / ML Work,https://images.unsplash.com/photo-1517336714731-489689fd1ca8?w=400
ASUS ROG Zephyrus G16,ASUS,Gaming,279990,Intel Core Ultra 9 185H,NVIDIA RTX 4080,32GB,2TB SSD,4.8,Ultra-Slim Enthusiast Gaming,https://images.unsplash.com/photo-1603302576837-37561b2e2302?w=400
Lenovo Legion Pro 7i (RTX 4090),Lenovo,Gaming,329990,Intel Core i9-14900HX,NVIDIA RTX 4090,32GB,2TB SSD,4.9,Top Tier RTX 4090 Gaming,https://images.unsplash.com/photo-1603302576837-37561b2e2302?w=400
Apple MacBook Pro 16 M3 Max,Apple,Creator,399900,Apple M3 Max Chip,40-Core GPU,48GB,1TB SSD,4.9,Ultimate Video Studio Workstation,https://images.unsplash.com/photo-1517336714731-489689fd1ca8?w=400
HP Omen Max 16 (RTX 5090),HP,Gaming,400189,Intel Core Ultra 9 275HX,NVIDIA RTX 5090 24GB,64GB,2TB SSD,4.9,Next-Gen RTX 5090 OLED Gaming,https://images.unsplash.com/photo-1525547719571-a2d4ac8945e2?w=400
ASUS ROG Strix Scar 16 (RTX 5090),ASUS,Gaming,449990,Intel Core Ultra 9 275HX,NVIDIA RTX 5090 24GB,32GB,2TB SSD,4.9,Next-Gen Monster RTX 5090 Performance,https://images.unsplash.com/photo-1603302576837-37561b2e2302?w=400
Acer Predator Helios 16 AI (RTX 5090),Acer,Gaming,449990,Intel Core Ultra 9 275HX,NVIDIA RTX 5090 24GB,64GB,2TB SSD,4.9,AI Supercharged OLED RTX 5090 Gaming,https://images.unsplash.com/photo-1588872657578-7efd1f1555ed?w=400
Lenovo Legion Pro 7 AI (RTX 5090),Lenovo,Gaming,489490,Intel Core Ultra 9 275HX,NVIDIA RTX 5090 24GB,64GB,1TB SSD,4.9,Pro AI RTX 5090 Flagship Gaming,https://images.unsplash.com/photo-1603302576837-37561b2e2302?w=400
MSI Raider 18 HX AI (RTX 5090),MSI,Gaming,499990,Intel Core Ultra 9 285HX,NVIDIA RTX 5090 24GB,64GB,4TB SSD,4.9,Extreme 18-inch RTX 5090 Beast,https://images.unsplash.com/photo-1603302576837-37561b2e2302?w=400
Dell Alienware 18 Area-51 (RTX 5090),Dell,Gaming,516990,Intel Core Ultra 9 275HX,NVIDIA RTX 5090 24GB,64GB,2TB SSD,5.0,Flagship 18-inch RTX 5090 Desktop Replacement,https://images.unsplash.com/photo-1541807084-5c52b6b3adef?w=400
MSI Titan 18 HX AI (RTX 5090),MSI,Gaming,579990,Intel Core Ultra 9 285HX,NVIDIA RTX 5090 24GB,96GB,6TB SSD,5.0,God Tier Workstation & Gaming Machine,https://images.unsplash.com/photo-1603302576837-37561b2e2302?w=400
ASUS ROG Strix SCAR 18 (RTX 5090),ASUS,Gaming,699990,Intel Core Ultra 9 290HX Plus,NVIDIA RTX 5090 24GB,64GB,2TB SSD,5.0,Ultimate 18-inch RTX 5090 Gaming Laptop,https://images.unsplash.com/photo-1603302576837-37561b2e2302?w=400